city,township,village,name,address,reject_reason
桃園市,新屋區,石牌里,石牌社區活動中心,東興路二段568號,out_of_county_bounds
臺東縣,臺東市,,空軍第737戰術戰鬥機聯隊,營區位置恕不敘明,out_of_county_bounds
桃園市,新屋區,後庄里,後庄社區活動中心,東福路二段515號,out_of_county_bounds
桃園市,新屋區,望間里,望間社區活動中心,4鄰十五間25號,out_of_county_bounds
桃園市,新屋區,社子里,社子社區活動中心,7鄰3之1號,out_of_county_bounds
桃園市,新屋區,頭洲里,頭洲社區活動中心,校前路48號,out_of_county_bounds
桃園市,新屋區,深圳里,深圳社區活動中心,4鄰20之5號,out_of_county_bounds
桃園市,新屋區,東明里,東明社區活動中心,3鄰5號,out_of_county_bounds
桃園市,新屋區,九斗里,九斗社區活動中心,長祥路1098號,out_of_county_bounds
桃園市,新屋區,?榔里,?榔社區活動中心,8鄰9號,out_of_county_bounds
桃園市,新屋區,下田里,下田社區活動中心,4鄰中山西路2段780號,out_of_county_bounds
桃園市,新屋區,永安里,永安社區活動中心,13鄰保生路55號,out_of_county_bounds
桃園市,新屋區,石磊里,石磊社區活動中心,三民路二段276號,out_of_county_bounds
桃園市,新屋區,永興里,永興社區活動中心,永慶一路273號,out_of_county_bounds
臺東縣,金峰鄉,正興村,介達國小 Jieda Elementary School,"5鄰105號No.105,Zhengxing,Jinfeng Township,Taitung County 964,TaiwanR.O.C.",out_of_county_bounds
新竹縣,湖口鄉,信勢村,湖口鄉信勢國小禮堂,成功路360號,out_of_county_bounds
屏東縣,屏東市,永安里,屏東市復興公園,建興南路35號,out_of_county_bounds
屏東縣,屏東市,崇武里,國立屏東高級工業職業學校,建國路25號,out_of_county_bounds
屏東縣,屏東市,豐榮里,屏東市千禧公園,自由、大連、廣東、勝利東路廓內,out_of_county_bounds
屏東縣,屏東市,廣興里,屏東市廣興公園,監理站對面,out_of_county_bounds
臺北市,中正區,黎明里,北市大附小,公園路29號,out_of_county_bounds
高雄市,小港區,濟南里,高雄市小港區青山國民小學,飛機路153號,out_of_county_bounds
臺中市,沙鹿區,埔子里,沙鹿幼兒園埔子分班,正義路218號,out_of_county_bounds
高雄市,大樹區,姑山里,高雄市大樹區姑山國民小學,姑山路1號,out_of_county_bounds
高雄市,彌陀區,漯底里,高雄市彌陀區南安國民小學（備用）,樂安路1號,out_of_county_bounds
高雄市,美濃區,吉洋里,高雄市立南隆國民中學,南中街3號,out_of_county_bounds
高雄市,旗山區,東平里,國立旗美高級中學（備用）,樹人路21號,out_of_county_bounds
彰化縣,芬園鄉,圳墘村,寶山國小,彰南路二段36號,out_of_county_bounds
彰化縣,芬園鄉,中崙村,同安國小,大彰路二段100巷36號,out_of_county_bounds
臺中市,太平區,大興里,坪林國小坪?分校〈音樂教室.綜合教室.籃球場〉,?仔坑路95號,out_of_county_bounds
嘉義市,西區,劉厝里,劉厝社區活動中心,劉厝131號,out_of_county_bounds
嘉義市,西區,福民里,民生國民中學,新民路601號,out_of_county_bounds
嘉義市,西區,大溪里,大溪社區活動中心,大溪厝路593附1號,out_of_county_bounds
彰化縣,二林鎮,西平里,西平社區活動中心,莊敬街26號,out_of_county_bounds
彰化縣,二林鎮,香田里,香田國小,儒林路10-1號,out_of_county_bounds
彰化縣,二林鎮,中西里,中西社區活動中心,中三路1號,out_of_county_bounds
彰化縣,二林鎮,廣興里,廣興國小,廣興巷2-1號,out_of_county_bounds
彰化縣,二林鎮,北平里,老人文康活動中心,明德街249號,out_of_county_bounds
桃園市,龜山區,幸福里,幸福國小,頂興路83巷1弄1號,out_of_county_bounds
桃園市,龜山區,楓樹里,楓樹國小,光峰路277號,out_of_county_bounds
臺中市,沙鹿區,三鹿里,三鹿社區活動中心,三鹿里自強路293號,out_of_county_bounds
南投縣,國姓鄉,北山村,北山社區活動中心,中正路4段112號,out_of_county_bounds
屏東縣,滿州鄉,里德村,里德社區活動中心,山頂路57號隔壁,out_of_county_bounds
新北市,新店區,德安里,德安市民活動中心,安康路二段183巷13-4號,out_of_county_bounds
臺中市,大肚區,社腳里,追分國小多功能教室,沙田路一段364號,out_of_county_bounds
嘉義縣,水上鄉,塗溝村,大崙國小塗溝分校-室外,1-1號,out_of_county_bounds
臺中市,東區,泉源里,臺中市東區樂業國小,樂業路60號,out_of_county_bounds
臺中市,石岡區,土牛里,土牛活動中心,石岡區土牛里德成巷1之2號,out_of_county_bounds
金門縣,金沙鎮,大洋里,金沙鎮大洋里辦公處,大洋里東山22號,out_of_county_bounds
金門縣,金沙鎮,何斗里,金沙鎮何斗里辦公處,何斗里斗門55-3號,out_of_county_bounds
金門縣,金沙鎮,三山里,金沙鎮三山里辦公處,三山里碧山58-1號,out_of_county_bounds
金門縣,金沙鎮,浦山里,金沙鎮浦山里辦公處,浦山里浦邊4-3號,out_of_county_bounds
金門縣,金沙鎮,光前里,金沙鎮光前里辦公處,光前里陽翟96-5號,out_of_county_bounds
金門縣,金沙鎮,汶沙里,金沙鎮汶沙里辦公處,汶沙里國中路1-1號,out_of_county_bounds
金門縣,金沙鎮,西園里,金沙鎮西園里辦公處,西園里西園1-3號,out_of_county_bounds
金門縣,金沙鎮,官嶼里,金沙鎮官嶼里辦公處,官嶼里官澳82-2號,out_of_county_bounds
南投縣,草屯鎮,新豐里,新豐社區活動中心,番子田路100號,out_of_county_bounds
新竹市,香山區,中隘里,南隘國小,新竹市南隘路二段31號,out_of_county_bounds
新竹縣,竹東鎮,仁愛里,中山社區活動中心,大同路257號,out_of_county_bounds
宜蘭縣,南澳鄉,澳花村,澳花國小,中央路19號,out_of_county_bounds
臺中市,新社區,復盛里,新社高級中學,中和街三段國中巷10號,out_of_county_bounds
新竹縣,新豐鄉,松林村,松林社區活動中心,康樂路一段516號,out_of_county_bounds
臺中市,霧峰區,北柳里,霧峰國中行政大樓地下室,霧峰區北柳里國中路110號,out_of_county_bounds
臺中市,霧峰區,本堂里,霧峰國小志文樓地下室,中正路736號,out_of_county_bounds
臺中市,霧峰區,北柳里,霧峰國中行政大樓地下室,國中路110號,out_of_county_bounds
新竹縣,新豐鄉,青埔村,青埔社區老人會館,6鄰青埔子80-1號,out_of_county_bounds
高雄市,左營區,明建里,高雄市立立德國民中學,實踐路101號,out_of_county_bounds
彰化縣,彰化市,忠孝里,忠孝國小,辭修路200號,out_of_county_bounds
臺北市,士林區,蘭雅里,士東國小,中山北路六段392號,out_of_county_bounds
臺中市,大甲區,南陽里,大甲高中活動中心,大甲區南陽里中山路一段720號,out_of_county_bounds
基隆市,中正區,中正里,台北世貿一館,台北市信義區信義路五段5號,out_of_county_bounds
基隆市,中正區,中正里,台北市世貿三館,台北市信義區松壽路6號,out_of_county_bounds
苗栗縣,三義鄉,龍騰村,龍騰活動中心,4鄰外庄10號,out_of_county_bounds
苗栗縣,三義鄉,雙潭村,雙潭活動中心,2鄰雙連潭40-1號,out_of_county_bounds
苗栗縣,三義鄉,鯉魚潭村,鯉魚潭活動中心室內,鯉魚口2鄰47-2號,out_of_county_bounds
苗栗縣,三義鄉,廣盛村,建中國民小學活動中心室內,6鄰廣盛80號,out_of_county_bounds
苗栗縣,三義鄉,西湖村,西湖村活動中心室內,4鄰上湖64號,out_of_county_bounds
苗栗縣,苑裡鎮,上館里,上?里民眾活動中心,4鄰62-7號,out_of_county_bounds
苗栗縣,三灣鄉,銅鏡村,銅鏡社區活動中心,1鄰小銅鑼圈9之11號,out_of_county_bounds
苗栗縣,三義鄉,西湖村,西湖村活動中心室外,4鄰上湖64號,out_of_county_bounds
苗栗縣,三義鄉,鯉魚潭村,鯉魚潭村活動中心室外,1鄰鯉魚口10-1號,out_of_county_bounds
苗栗縣,三義鄉,廣盛村,建中國民小學操場室外,6鄰廣盛80號,out_of_county_bounds
苗栗縣,苑裡鎮,舊社里,苑裡鎮立托兒所,10鄰110-1號2樓,out_of_county_bounds
苗栗縣,苑裡鎮,苑東里,苑裡鎮老人文康中心,13鄰興隆2-1號,out_of_county_bounds
苗栗縣,苑裡鎮,苑北里,苑裡鎮苑東苑南苑北社區聯合活動中,13鄰中山路312號,out_of_county_bounds
苗栗縣,苑裡鎮,客庄里,苗栗縣立苑裡高中操場,1鄰2號,out_of_county_bounds
苗栗縣,苑裡鎮,舊社里,山腳國小田徑場,10鄰47號,out_of_county_bounds
苗栗縣,苑裡鎮,社苓里,苑裡鎮中山國小操場,51-1號,out_of_county_bounds
苗栗縣,苑裡鎮,客庄里,苑裡鎮立體育場,中正路10鄰1段32號鎮立游泳池旁,out_of_county_bounds
雲林縣,土庫鎮,奮起里,綺湖社區活動中心,綺湖96號,out_of_county_bounds
嘉義縣,大林鎮,三和里,大林鎮公所,中興路二段239號,out_of_county_bounds
嘉義縣,大埔鄉,西興村,西興村活動中心前廣場,菜瓜坪4號之1,out_of_county_bounds
嘉義縣,大埔鄉,大埔村,大埔鄉公所,54號,out_of_county_bounds
嘉義縣,竹崎鄉,緞繻村,文光國際英語村[室內],外埔5號,out_of_county_bounds
嘉義縣,竹崎鄉,灣橋村,嘉義縣竹崎鄉灣橋村朴子埔收容所暨防災物資整備所,4鄰朴子埔32號之2,out_of_county_bounds
嘉義縣,溪口鄉,坪頂村,溪口國中室外,中正東路103號,out_of_county_bounds
嘉義縣,鹿草鄉,松竹村,竹園國小室外,69號,out_of_county_bounds
嘉義縣,鹿草鄉,三角村,後塘國小室外,毛蟹行11號,out_of_county_bounds
彰化縣,永靖鄉,港西村,老人文康活動中心,彰化縣永靖鄉永社路266號,out_of_county_bounds
彰化縣,永靖鄉,港西村,永靖鄉立托兒所,彰化縣永靖鄉永社路267號,out_of_county_bounds
臺中市,梧棲區,安仁里,梧棲國小活動中心,民生街15之89巷1號,out_of_county_bounds
臺東縣,長濱鄉,樟原村,樟原社區活動中心,1鄰6號,out_of_county_bounds
臺東縣,長濱鄉,三間村,三間社區活動中心,7鄰11號,out_of_county_bounds
臺東縣,長濱鄉,三間村,三間村南溪國小,南溪16鄰5-7號,out_of_county_bounds
臺南市,新化區,知義里,同義宮,口埤7號,out_of_county_bounds
臺南市,新化區,太平里,新化區聯合活動中心,民生路269號,out_of_county_bounds
高雄市,林園區,北汕里,高雄市林園區汕尾國民小學,北汕路58巷2號,out_of_county_bounds
嘉義縣,六腳鄉,更寮村,更寮國小-室內,更寮村19號,out_of_county_bounds
基隆市,中正區,中正里,復興崗營區,台北市北投區中央北路二段70號,out_of_county_bounds
嘉義縣,竹崎鄉,義仁村,義仁社區活動中心,義仁村7鄰坪頂14-1號,out_of_county_bounds
宜蘭縣,礁溪鄉,六結村,礁溪鄉公所二樓,中山路二段3號,out_of_county_bounds
桃園市,新屋區,蚵間里,蚵間社區活動中心,2鄰14號,out_of_county_bounds
桃園市,新屋區,埔頂里,埔頂社區活動中心,2鄰34號,out_of_county_bounds
桃園市,新屋區,大坡里,大坡社區活動中心,5鄰三角堀5號,out_of_county_bounds
桃園市,新屋區,新生里,新屋區婦幼館,中山路370號,out_of_county_bounds
桃園市,新屋區,笨港里,笨港社區活動中心,2鄰榕樹下10之1號,out_of_county_bounds
桃園市,新屋區,赤欄里,赤欄社區活動中心,8鄰中山西路2段280號,out_of_county_bounds
桃園市,新屋區,後湖里,後湖社區活動中心,6鄰7之6號,out_of_county_bounds
桃園市,新屋區,下埔里,下埔社區發展協會,4鄰9之4號,out_of_county_bounds
